{"cameraMode":{"drawMode":0,"name":"Shaded","section":"Shading Mode"},"sceneLighting":false,"audioPlay":false,"sceneViewState":{"m_AlwaysRefresh":false,"showFog":true,"showSkybox":false,"showFlares":true,"showImageEffects":true,"showParticleSystems":true,"showVisualEffectGraphs":true,"m_FxEnabled":true},"in2DMode":false,"pivot":{"x":-0.9549999833106995,"y":1.690000057220459,"z":2.0999999046325685},"rotation":{"x":0.0013658525422215462,"y":0.9995794892311096,"z":-0.020976770669221879,"w":0.02808191440999508},"size":0.19340957701206208,"orthographic":false}